fund_code,asset_type,listed,asset_name,acq_date,book_value,eval_status,eval_amount,last_eval_date
100150,대여금,비시장성,을지로부림빌딩오피스개발사업중순위PF대출,,70255068493,대체평가,,
100150,대여금,비시장성,(100150)이지스353호OPUS459 tr.b_250630,,43511876712,대체평가,,
100150,대여금,비시장성,안성 당목 물류센터_선순위(240318),,29533333150,대체평가,,
100150,대여금,비시장성,크레센도빌딩 담보대출(중순위)_250418,,24213041095,대체평가,,
100150,대여금,비시장성,을지로3-9지구선순위PF대출_241129,,23400000000,대체평가,,
100150,대여금,비시장성,분당 퍼스트타워 중순위 담보대출_241029,,20153041095,대체평가,,
100150,대여금,비시장성,당산SK오피스개발사업PF대출(중순위)241227,,15225780821,대체평가,,
100150,대여금,비시장성,지오앤에스피에프브이,,12381106849,대체평가,,
100181,대여금,비시장성,이지스330호,,39291698630,대체평가,,
121158,주식,비시장성,스파크플러스(우),2019-11-05,10699897254,외부평가 대상,,
121235,주식,비시장성,애니원(CB전환),2024-04-11,2499992000,외부평가 대상,,
121235,주식,비시장성,아토스터티RCPS,2023-06-28,500000000,외부평가 대상,,
121235,주식,시장성,NH올원리츠,2025-12-10,268012785,시가평가,,
121235,주식,시장성,신한서부티엔디리츠,2025-12-02,73123985,시가평가,,
121235,주식,시장성,코람코더원리츠,2025-11-20,68674580,시가평가,,
121235,주식,시장성,한화리츠,2025-03-12,60675000,시가평가,,
121235,주식,시장성,카나프테라퓨틱스,2026-03-16,2908800,시가평가,,
121235,주식,시장성,메리츠제2호기업인수목적(공모주),2026-06-12,1478640,시가평가,,
121235,주식,시장성,마키나락스,2026-05-20,424200,시가평가,,
121295,주식,시장성,메리츠제2호기업인수목적(공모주),2026-06-12,7166960,시가평가,,
121295,주식,시장성,아이엠바이오로직스,2026-03-20,1943240,시가평가,,
121295,주식,시장성,마키나락스,2026-05-20,1060500,시가평가,,
121295,주식,시장성,메쥬,2026-03-26,785376,시가평가,,
121295,주식,시장성,카나프테라퓨틱스,2026-03-16,646400,시가평가,,
121295,채권,시장성,산금24신이0203-0718-1,2026-04-03,10062235061,시가평가,,
121295,채권,시장성,기업은행(단)2511할242A-20,2026-04-03,9975014269,시가평가,,
121295,채권,시장성,JB금융지주30,2026-02-26,502876894,시가평가,,
121335,주식,시장성,메쥬,2026-03-26,33182136,시가평가,,
121335,주식,시장성,아이엠바이오로직스,2026-03-20,27415440,시가평가,,
121335,주식,시장성,카나프테라퓨틱스,2026-03-16,17493200,시가평가,,
121335,주식,시장성,메리츠제2호기업인수목적(공모주),2026-06-12,10366640,시가평가,,
121335,주식,시장성,마키나락스,2026-05-20,8544600,시가평가,,
121335,채권,비시장성,삼현1CB,2025-10-29,2020963967,대체평가,,
121335,채권,비시장성,나인테크6CB,2025-12-16,1521165099,대체평가,,
121335,채권,비시장성,대성파인텍3CB,2025-09-18,1049076014,대체평가,,
121335,채권,비시장성,대동기어6CB,2025-10-24,1015325615,대체평가,,
121335,채권,비시장성,에이치브이엠2CB,2026-04-10,1014441448,대체평가,,
121344,주식,시장성,메리츠제2호기업인수목적(공모주),2026-06-12,3737000,시가평가,,
121344,주식,시장성,마키나락스,2026-05-20,1060500,시가평가,,
121344,채권,비시장성,블랙야크아이앤씨2CB,2026-05-21,1012037985,대체평가,,
121344,채권,비시장성,파인엠텍10CB,2026-05-29,1009895956,대체평가,,
121344,채권,비시장성,엠에스오토텍43EB,2026-05-22,1009857624,대체평가,,
134317,주식,시장성,메리츠제2호기업인수목적(공모주),2026-06-12,4048080,시가평가,,
134317,주식,시장성,마키나락스,2026-05-20,2908800,시가평가,,
134317,채권,시장성,한진123-1,2025-05-28,6011690217,시가평가,,
134317,채권,시장성,한화에너지26-1,2025-06-02,3003537635,시가평가,,
141142,대여금,비시장성,데콘플러스 연체이자채권_25.09.29,,7066863739,대체평가,,
141142,대여금,비시장성,데콘플러스 선순위채권_25.09.29,,3051737023,대체평가,,
141142,수익증권,시장성,삼성MMF법인제1호 C 클래스,,5770857351,시가평가,,
141142,주식,비시장성,코람코시화데이터센터피에프브이(2종),2023-10-05,25000000000,대체평가,,
141142,주식,비시장성,(주)크레이톤,2021-03-09,11000000000,대체평가,,
141142,주식,비시장성,지엠파트너스,2020-06-01,10200000000,대체평가,,
141142,주식,비시장성,블루골드 1우선주 210823 (001),2020-02-28,9000000000,대체평가,,
141198,부동산,비시장성,이천백사물류A동,2020-08-11,81018441590,대체평가,,
141199,부동산,비시장성,이천백사물류B동,2020-08-11,82961936026,대체평가,,
141213,부동산,비시장성,화성JW물류센터,2021-02-08,363136766800,외부평가 대상,,
141213,대여금,비시장성,아이엠제이더블류제이삼차_TR.C후순위 대여,,202415040,외부평가 대상,,
141213,대여금,비시장성,아이엠제이더블류제이차_TR.B 후순위 대여,,158430110,외부평가 대상,,
141285,대여금,비시장성,"와이디816PFV,서울로매트로타워260424",,20142465751,대체평가,,
141319,대여금,비시장성,수서역세권개발사업 본PF대출(후순위)_2604,,83500000000,대체평가,,
142008,부동산,비시장성,송도센트럴E동,2012-08-23,31126000001,대체평가,,
142043,수익증권,비시장성,IZD Tower Holdings B.V.,,206212452953,대체평가,,
142078,부동산,비시장성,분당 애플프라자,2017-07-31,51021800000,외부평가 대상,,
142116,부동산,비시장성,동대문 밀리오레,2019-02-21,26640821236,외부평가 대상,,
142117,부동산,비시장성,롯데마트독산점,2019-02-15,67880270602,외부평가 대상,,
142120,부동산,비시장성,롯데마트 김해점,2019-02-27,59655733720,외부평가 대상,,
142168,부동산,비시장성,강변CGV,2019-12-24,50510383640,외부평가 대상,,
142169,부동산,비시장성,양산메가박스,2020-01-20,10422120358,외부평가 대상,,
142182,부동산,비시장성,이천 마장물류센터_마도로177,2020-03-16,21900000000,대체평가,,
142182,부동산,비시장성,이천 마장물류센터_마도로173,2020-03-16,8100000000,대체평가,,
142197,대여금,비시장성,밀키웨이제삼차주식회사 후순위 대여금,,38476700,대체평가,,
142201,부동산,비시장성,KB금융타워,2020-10-22,356956289355,대체평가,,
142208,부동산,비시장성,분당호스트웨이,2020-10-05,52700000000,외부평가 대상,,
142282,부동산,비시장성,휴젤빌딩,2024-01-26,43759918755,대체평가,,
142289,부동산,비시장성,케이로지스필드 이천 장암,2024-06-12,99312355046,외부평가 대상,,
142308,부동산,비시장성,엔에치이농협캐피탈빌딩,2024-11-20,149367516344,대체평가,,
143121,대여금,비시장성,서연홀딩스(대여190322),,1440000000,대체평가,,
143127,대여금,비시장성,서연홀딩스(대여190423),,1000000000,대체평가,,
143316,대여금,비시장성,"서소문11,12지구오피스PF대출(선순위)(1)",,13477141232,대체평가,,
143342,대여금,비시장성,"세운5-1,-3구역 PF대출 선순위(세운5구역피",,15896203835,대체평가,,
143343,대여금,비시장성,서울스퀘어 담보대출 Tr.B_260326,,70232054794,대체평가,,
144186,주식,시장성,코람코라이프인프라리츠,2024-10-29,33645220595,시가평가,,
144186,주식,시장성,ESR켄달스퀘어리츠,2021-12-28,28735040745,시가평가,,
144186,주식,시장성,코람코더원리츠,2022-03-28,18460000000,시가평가,,
144186,주식,시장성,이지스레지던스리츠,2024-10-30,14741363160,시가평가,,
144186,주식,시장성,롯데리츠,2026-05-14,13240449588,시가평가,,
144186,주식,시장성,신한서부티엔디리츠,2026-04-28,3324595124,시가평가,,
144186,주식,시장성,이지스밸류플러스리츠,2026-04-23,2953450500,시가평가,,
144186,주식,시장성,삼성FN리츠,2026-05-14,1776012815,시가평가,,
144186,주식,시장성,대신밸류리츠,2026-04-28,1356107958,시가평가,,
144186,주식,시장성,NH올원리츠,2026-04-28,768795527,시가평가,,
144186,주식,시장성,디앤디플랫폼리츠,2026-04-28,538315212,시가평가,,
144225,주식,시장성,SK리츠,2026-05-14,53206278920,시가평가,,
144225,주식,시장성,디앤디플랫폼리츠,2025-12-18,19991945000,시가평가,,
144225,주식,시장성,이지스밸류플러스리츠,2026-04-23,18207698595,시가평가,,
144225,주식,시장성,한화리츠,2026-05-14,14451711770,시가평가,,
144225,주식,시장성,ESR켄달스퀘어리츠,2021-12-28,5698615100,시가평가,,
144225,주식,시장성,신한알파리츠,2026-04-28,3240970990,시가평가,,
144225,주식,시장성,NH올원리츠,2026-04-28,3060724571,시가평가,,
144225,주식,시장성,NH프라임리츠,2026-04-28,2628543001,시가평가,,
144225,주식,시장성,삼성FN리츠,2026-05-07,2099132035,시가평가,,
144225,주식,시장성,롯데리츠,2026-05-14,1353076055,시가평가,,
144225,주식,시장성,마스턴프리미어리츠,2025-01-02,1141828427,시가평가,,
144225,주식,시장성,신한서부티엔디리츠,2026-04-28,1091326197,시가평가,,
144225,주식,시장성,코람코더원리츠,2026-03-13,64483070,시가평가,,
144230,주식,비시장성,양주옥정전남구례귀농주택위탁관리부동산,2021-06-30,2500000000,대체평가,,
144231,주식,시장성,SK리츠,2023-10-19,22356502140,시가평가,,
144231,주식,시장성,디앤디플랫폼리츠,2025-03-26,11446923200,시가평가,,
144231,주식,시장성,이지스밸류플러스리츠,2023-09-06,11319944700,시가평가,,
144231,주식,시장성,삼성FN리츠,2024-10-07,5628982230,시가평가,,
144231,주식,시장성,ESR켄달스퀘어리츠,2025-03-26,3448961530,시가평가,,
144231,주식,시장성,KB스타리츠,2022-07-04,3225645000,시가평가,,
144231,주식,시장성,미래에셋글로벌리츠,2021-12-03,2560000000,시가평가,,
144231,주식,시장성,마스턴프리미어리츠,2025-01-02,1212827176,시가평가,,
144231,주식,시장성,코람코라이프인프라리츠,2023-09-11,618100000,시가평가,,
144231,주식,시장성,NH올원리츠,2023-09-08,121569000,시가평가,,
144236,주식,비시장성,씨에스제1호위탁관리부동산투자회사1우,2021-12-17,4500000000,외부평가 대상,,
144336,주식,시장성,WELLTOWER INC,,2093615217,시가평가,,
144336,주식,시장성,EQUINIX INC,,1906566417,시가평가,,
144336,주식,시장성,PROLOGIS INC,,1334265134,시가평가,,
144336,주식,시장성,"Simon Property Group, Inc...",,911798661,시가평가,,
144336,주식,시장성,PUBLIC STORAGE,,892755797,시가평가,,
144336,주식,시장성,AMERICAN HOMES 4 RENT- A,,674440185,시가평가,,
144336,주식,시장성,Equity Residential,,623835022,시가평가,,
144336,주식,시장성,GAMING AND LEISURE PROPERTIE,,560837036,시가평가,,
144336,주식,시장성,EQUITY LIFESTYLE PROPERTIES,,533135636,시가평가,,
144336,주식,시장성,Mitsubishi Estate Co Ltd,,528636387,시가평가,,
144336,주식,시장성,Sabra Healthcare Reit Inc,,528288781,시가평가,,
144336,주식,시장성,Stockland,,483738924,시가평가,,
144336,주식,시장성,KIMCO REALTY CORP,,478758335,시가평가,,
144336,주식,시장성,Mitsui Fudosan Co Ltd,,477133950,시가평가,,
144336,주식,시장성,REXFORD INDUSTRIAL REALTY INC,,452812477,시가평가,,
144336,주식,시장성,DERWENT LONDON PLCES,,452699875,시가평가,,
144336,주식,시장성,AMERICAN TOWER CORP,,451798858,시가평가,,
144336,주식,시장성,Four Corners Property Trust,,449444405,시가평가,,
144336,주식,시장성,AvalonBay Communities Inc,,442271909,시가평가,,
144336,주식,시장성,SEGRO plc,,415658346,시가평가,,
144336,주식,시장성,Outfront Media Inc,,415096621,시가평가,,
144336,주식,시장성,CubeSmart,,413730482,시가평가,,
144336,주식,시장성,Chartwell Retirement Residences,,405440345,시가평가,,
144336,주식,시장성,AGREE REALTY CORP,,402321077,시가평가,,
144336,주식,시장성,LAND SECURITIES GROUP REIT PLC,,344545615,시가평가,,
144336,주식,시장성,BOSTON PROPERTIES INC,,327431213,시가평가,,
144336,주식,시장성,H&R Real Estate Investment Trust,,306296925,시가평가,,
144336,주식,시장성,LXP Industrial Trust,,302517566,시가평가,,
144336,주식,시장성,AMERICOLD REALTY TRUST,,298147681,시가평가,,
144336,주식,시장성,Host Hotels & Resorts,,286521361,시가평가,,
144336,주식,시장성,Safestore Holdings Plc,,276256523,시가평가,,
144336,주식,시장성,Ingenia Communities Group,,275327755,시가평가,,
144336,주식,시장성,VICI Properties INC,,273320558,시가평가,,
144336,주식,시장성,UDR Inc,,268427660,시가평가,,
144336,주식,시장성,TAG IMMOBILIEN AG TEG,,265509546,시가평가,,
144336,주식,시장성,Primaris REIT,,262802988,시가평가,,
144336,주식,시장성,Empire State Realty Trust-A,,255349902,시가평가,,
144336,주식,시장성,MERLIN PROPERTIES SOCIMI SA,,254345154,시가평가,,
144336,주식,시장성,Montea NV,,251319949,시가평가,,
144336,주식,시장성,SUN HUNG KAI PROPE,,248658119,시가평가,,
144336,주식,시장성,Nippon Prologis REIT Inc,,241965026,시가평가,,
144336,주식,시장성,MERLIN PROPERTIES SOCIMI SA,,241025416,시가평가,,
144336,주식,시장성,VONOVIA SE,,228953239,시가평가,,
144336,주식,시장성,ALEXANDRIA REAL ESTATE EQUIT,,224547696,시가평가,,
144336,주식,시장성,National Healthcare Properties Inc,,224233313,시가평가,,
144336,주식,시장성,Regency Centers,,216255995,시가평가,,
144336,주식,시장성,CHINA RESOURCES LA,,213286078,시가평가,,
144336,주식,시장성,Unite Group Plc,,185129184,시가평가,,
144336,주식,시장성,WDP,,179559372,시가평가,,
144336,주식,시장성,NNN REIT Inc,,174194320,시가평가,,
144336,주식,시장성,Killam Apartment Real Estate,,161474376,시가평가,,
144336,주식,시장성,Centuria Industrial REIT,,160776079,시가평가,,
144336,주식,시장성,FRASERS CENTREPOINT TRUST,,143752687,시가평가,,
144336,주식,시장성,ESR-REIT,,127585112,시가평가,,
144336,주식,시장성,SINO LAND CO,,125805086,시가평가,,
144336,주식,시장성,Comforia Residential Reit Inc,,118617133,시가평가,,
149048,수익증권,비시장성,CIREP IV Overseas,,13090894364,현지NAV반영,,
149066,수익증권,비시장성,CBRE U.S. Core Par,,126467043719,현지NAV반영,,
149066,수익증권,비시장성,"USAA Eagle Real Estate Feeder 1, LP",,114563009137,현지NAV반영,,
149081,수익증권,비시장성,CBRE Strategic Par,,32198061617,현지NAV반영,,
149082,수익증권,비시장성,CBRE Strategic Par,,10732633025,현지NAV반영,,
149083,외화대여금,비시장성,Atrium Holding Amsterdam B.V. (Loan 2-1),,49456681808,대체평가,,
149083,수익증권,비시장성,Atrium Holding Amsterdam B.V.,,14804063951,대체평가,,
149084,외화대여금,비시장성,Atrium Holding Amsterdam B.V. (Loan 2-2),,33504482685,대체평가,,
149084,수익증권,비시장성,Atrium Holding Amsterdam B.V.,,10029029180,대체평가,,
149085,외화대여금,비시장성,Atrium Holding Amsterdam B.V. (Loan 2-3),,15234856580,대체평가,,
149085,수익증권,비시장성,Atrium Holding Amsterdam B.V.,,4560310087,대체평가,,
149086,수익증권,비시장성,PCCP Credit IX (PF,,18377789432,현지NAV반영,,
149087,수익증권,비시장성,PCCP Credit IX (PF,,39971695303,현지NAV반영,,
149094,수익증권,비시장성,PCCP Credit IX (PF,,13783341696,현지NAV반영,,
149097,수익증권,비시장성,코람코제72호전문투자형사모부동산투자유한,,6060352000,대체평가,,
149099,수익증권,비시장성,PacificCal Debt I,,59636727999,현지NAV반영,,
149110,외화대여금,비시장성,Garbsen PropCo GmbH,,6499198965,대체평가,,
149110,외화대여금,비시장성,Garbsen HoldCo 1 GmbH_Loan,,3403230457,대체평가,,
149110,외화대여금,비시장성,Garbsen HoldCo 2 S.a.r.l_Loan,,24262398,대체평가,,
149110,수익증권,비시장성,Garbsen HoldCo 1 GmbH (2),,1962744188,대체평가,,
149110,수익증권,비시장성,Garbsen HoldCo 2 S.a.r.l,,758762188,대체평가,,
149110,수익증권,비시장성,Garbsen HoldCo 1 GmbH (1),,67402261,대체평가,,
149111,외화대여금,비시장성,Garbsen PropCo GmbH,,17571908357,대체평가,,
149111,외화대여금,비시장성,Garbsen HoldCo 1 GmbH_Loan,,9201326830,대체평가,,
149111,외화대여금,비시장성,Garbsen HoldCo 2 S.a.r.l_Loan,,65598371,대체평가,,
149111,수익증권,비시장성,Garbsen HoldCo 1 GmbH (2),,5306679703,대체평가,,
149111,수익증권,비시장성,Garbsen HoldCo 2 S.a.r.l,,2051468788,대체평가,,
149111,수익증권,비시장성,Garbsen HoldCo 1 GmbH (1),,182234382,대체평가,,
149126,외화대여금,비시장성,"TENTH AND MARKET, LLC",,68351270661,대체평가,,
149138,외화대여금,비시장성,Luxembourg Investment Company 303 S.a.r.,,47628819308,대체평가,,
149138,외화대여금,비시장성,Luxembourg Investment Company 303 S.a.r.,,24283430194,대체평가,,
149138,수익증권,비시장성,Luxembourg Investment Company 303 S.a.r.,,1456815767,대체평가,,
149155,수익증권,비시장성,"PCCP Equity VIII (PF-2), LP",,38548969825,현지NAV반영,,
149163,수익증권,비시장성,Invesco CMIF,,39390743586,현지NAV반영,,
149165,수익증권,비시장성,PCal Debt Ⅲ PF LLC,,77544360478,현지NAV반영,,
149171,수익증권,비시장성,이화전문투자형사모부동산투자신탁13호,,62664293095,대체평가,,
149188,수익증권,비시장성,Rockwood Non-U.S. Income and Credit Part,,54550136181,현지NAV반영,,
149190,수익증권,시장성,우리큰만족신종MMF3호,,35815338920,시가평가,,
149190,주식,비시장성,남동로지스피에프브이(주),2021-01-29,30000000000,대체평가,,
149190,주식,비시장성,아트리움시티 (종류주),2023-10-13,17000000000,대체평가,,
149205,수익증권,비시장성,PCal Debt IV,,106524935558,현지NAV반영,,
149205,수익증권,비시장성,PCal Equity IV,,-2070892,현지NAV반영,,
149206,수익증권,비시장성,PCCP Credit X,,85060198931,현지NAV반영,,
149207,수익증권,비시장성,PCCP Credit X,,59542135624,현지NAV반영,,
149209,외화대여금,비시장성,Amazon Mezzanine Promissory Note,,105578768630,대체평가,,
149212,수익증권,비시장성,PCCP Credit X,,51106402410,현지NAV반영,,
149218,주식,비시장성,케이로지스필드이천마장PFV,2021-03-17,1562003912,대체평가,,
149221,수익증권,비시장성,PCal Debt V,,367121924363,현지NAV반영,,
149221,수익증권,비시장성,Co-Invest,,127127453656,현지NAV반영,,
149223,수익증권,비시장성,PCCP Credit X,,25605919010,현지NAV반영,,
149224,수익증권,비시장성,PCCP Credit X,,110958955675,현지NAV반영,,
149226,대여금,비시장성,"서소문11,12지구오피스PF대출(중순위)(3)",,77894789167,대체평가,,
149226,대여금,비시장성,한국초저온평택물류_tr.b,,36560904110,대체평가,,
149226,대여금,비시장성,당산SK오피스개발사업PF대출(선순위)_20241,,33617406904,대체평가,,
149226,대여금,비시장성,브룩필드석남동물류센터선순위_250522,,30117534246,대체평가,,
149226,대여금,비시장성,서리풀PF대출Tr.B_250630,,25397705479,대체평가,,
149226,대여금,비시장성,코람코지속성장1-2호(양재P타워 중순위)_25,,25192328767,대체평가,,
149226,대여금,비시장성,(149226)이지스353호OPUS459 tr.b_250630,,20238082191,대체평가,,
149226,대여금,비시장성,한국초저온평택물류_tr.a,,14045835125,대체평가,,
149226,대여금,비시장성,"서소문11,12지구오피스PF대출(선순위)(2)",,11231784493,대체평가,,
149226,대여금,비시장성,서리풀PF대출Tr.A_250630,,5164924054,대체평가,,
149229,주식,비시장성,가산랜드마크데이터센터PFV(제3종),2023-03-03,24999962500,대체평가,,
149229,주식,비시장성,데콘플러스제1나종,2022-03-21,19200000000,대체평가,,
149229,주식,비시장성,데콘플러스제1가종,2022-03-21,4800000000,대체평가,,
149232,수익증권,비시장성,CBRE SP9,,130609670436,현지NAV반영,,
149237,주식,비시장성,"BVK REIT, LLC",,74411221810,대체평가,,
149238,주식,비시장성,"BVK REIT, LLC",,74411221810,대체평가,,
149241,수익증권,비시장성,KKT LP,,148032520331,현지NAV반영,,
149242,수익증권,비시장성,PCCP Credit X,,68282436587,현지NAV반영,,
149243,수익증권,비시장성,PCCP Equity IX,,115948590068,현지NAV반영,,
149245,수익증권,비시장성,JPMAM European Opportunistic Property Fu,,111938020711,대체평가,,
149246,수익증권,비시장성,코람코제139호일반사모부동산투자유한회사,,80574490565,대체평가,,
149246,수익증권,비시장성,코람코제146호일반사모부동산투자유한회사,,60570038698,대체평가,,
149246,수익증권,비시장성,코람코145호일반사모부동산투자유한회사1종,,43664377926,대체평가,,
149246,수익증권,비시장성,코람코135호유한회사(1종),,41269936500,대체평가,,
149247,수익증권,시장성,JB 하이일드 공모주 일반 사모 증권투자신,,3646296000,시가평가,,
149247,주식,시장성,롯데리츠,2026-05-29,2492921536,시가평가,,
149247,주식,시장성,NH올원리츠,2026-06-16,1836404415,시가평가,,
149247,주식,시장성,삼성FN리츠,2026-01-26,1574237065,시가평가,,
149247,주식,시장성,신한서부티엔디리츠,2026-05-08,1232045698,시가평가,,
149247,주식,시장성,이지스밸류플러스리츠,2026-01-23,1170931359,시가평가,,
149247,주식,시장성,디앤디플랫폼리츠,2026-06-16,453282472,시가평가,,
149247,주식,시장성,SK리츠,2025-07-09,446273280,시가평가,,
149247,주식,시장성,대신밸류리츠,2026-04-28,414975485,시가평가,,
149247,주식,시장성,이리츠코크렙,2026-04-22,351150955,시가평가,,
149247,주식,시장성,한화리츠,2026-05-29,268306610,시가평가,,
149247,주식,시장성,ESR켄달스퀘어리츠,2025-08-05,220867400,시가평가,,
149247,주식,시장성,아이엠바이오로직스,2026-03-20,23765300,시가평가,,
149247,주식,시장성,메쥬,2026-03-26,12369672,시가평가,,
149247,주식,시장성,카나프테라퓨틱스,2026-03-16,7898200,시가평가,,
149247,주식,시장성,메리츠제2호기업인수목적(공모주),2026-06-12,3928900,시가평가,,
149247,주식,시장성,마키나락스,2026-05-20,1212000,시가평가,,
149249,주식,비시장성,케이원제19호위탁관리부동산투자회사2우,2022-08-09,13300000000,대체평가,,
149249,주식,비시장성,케이원제19호위탁관리부동산투자회사1우,2022-07-26,9500000000,대체평가,,
149251,수익증권,비시장성,PCCP Equity IX,,62322368598,현지NAV반영,,
149253,수익증권,비시장성,CBRE USLP[통합],,74085083695,현지NAV반영,,
149254,주식,비시장성,코람코시화데이터센터피에프브이 주식회사,2025-08-05,10686888000,대체평가,,
149254,주식,비시장성,코람코경산물류PFV(제1종),2022-04-19,10000000000,대체평가,,
149257,수익증권,비시장성,PCCP Credit X,,21338261055,현지NAV반영,,
149259,주식,비시장성,케이인더스트리피에프브이 주식회사 2종,2023-10-06,15000000000,대체평가,,
149260,대여금,비시장성,평택 지식산업센터 PF대출(중순위),,14856874130,대체평가,,
149266,수익증권,비시장성,코람코국내개발일사모1-2호,,21328785797,대체평가,,
149266,수익증권,비시장성,코람코국내개발일사모1-3호,,8759370602,대체평가,,
149270,외화대여금,비시장성,Ancala Notes 230818,,18255913349,현지NAV반영,,
149270,수익증권,비시장성,Ancala Class A Share,,4097930030,현지NAV반영,,
149271,수익증권,비시장성,PCCP Credit XI,,31505613605,현지NAV반영,,
149272,대여금,비시장성,성수GM부지PF대출(베네포스)(231213),,33140000000,대체평가,,
149272,대여금,비시장성,센터플레이스 중순위 담보대출_241025,,12099320547,대체평가,,
149272,대여금,비시장성,화성풀필먼트신흥 선순위_250411(149272),,9135695206,대체평가,,
149274,수익증권,비시장성,K-MSF일반사모부동산(모)1-4호,,69895111540,대체평가,,
149274,수익증권,비시장성,K-MSF일반사모부동산(모)1-2호,,66646188773,대체평가,,
149274,수익증권,비시장성,K-MSF일반사모부동산(모)1-3호,,35699161061,대체평가,,
149279,수익증권,비시장성,PGIM AVP V,,33818641930,현지NAV반영,,
149294,주식,비시장성,KB운용리츠 A종(종류주),2024-07-17,63000000000,대체평가,,
149296,수익증권,비시장성,코람코제162호일반사모부동산투자회사(1종),,24400000000,대체평가,,
149298,수익증권,비시장성,코람코성수일반사모투자유한회사제158호1종,,66644875123,대체평가,,
149301,대여금,비시장성,크레센도빌딩 담보대출(선순위)_250418,,11072328767,대체평가,,
149301,대여금,비시장성,화성풀필먼트신흥 선순위_250411(149301),,7308556165,대체평가,,
149304,수익증권,비시장성,Atrium Holding Amsterdam B.V.,,67409265000,대체평가,,
149305,대여금,비시장성,스타레이크(241011_현대커머셜양수도),,18360547945,대체평가,,
149305,대여금,비시장성,스타레이크(241011_신한캐피탈양수도),,9180273973,대체평가,,
149305,대여금,비시장성,스타레이크(241011),,4937432877,대체평가,,
149305,대여금,비시장성,스타레이크(241011_워터베스트양수도),,3213095890,대체평가,,
149311,수익증권,비시장성,Bridge Debt Strategies,,20917356035,현지NAV반영,,
149311,수익증권,비시장성,Bridge,,1342300800,현지NAV반영,,
149312,수익증권,비시장성,PCCP Credit XI,,31505613605,현지NAV반영,,
149313,수익증권,비시장성,Principal DCGIF,,158282977542,현지NAV반영,,
149314,수익증권,비시장성,코람코일반사모부동산투자신탁제160호(1종),,8030400000,대체평가,,
149315,수익증권,비시장성,PCCP Credit XI,,22044396969,현지NAV반영,,
149318,수익증권,비시장성,Athena Credit Trust,,33757611512,현지NAV반영,,
149318,수익증권,비시장성,CRECH VIII - SLF SCSP,,5231604709,현지NAV반영,,
149318,수익증권,비시장성,Alceon Australian RECSLF,,4534800000,현지NAV반영,,
149320,수익증권,비시장성,코람코수서일반사모투자신탁166호(2종),,64910052000,대체평가,,
149323,대여금,비시장성,와이드크릭 물류센터 담보대출_251015,,80662794520,대체평가,,
149323,대여금,비시장성,강남 삼원타워 담보대출(펨코오피스10호),,60131506849,대체평가,,
149323,대여금,비시장성,이천 상봉리 물류센터담보대출(그래비티28),,38127221917,대체평가,,
149323,대여금,비시장성,구로 G타워 선순위 담보대출(지베스코일반,,10005547945,대체평가,,
149323,대여금,비시장성,성수269 오피스 PF대출_260508,,8900000000,대체평가,,
149323,수익증권,비시장성,지베스코일반사모부동산투자신탁4호_1종,,60061800000,대체평가,,
149323,수익증권,비시장성,그래비티일반사모부동산투자회사제28호(1종,,4987250000,대체평가,,
149323,주식,비시장성,주식회사펨코오피스제10호위탁관리부동산,2025-08-27,40000000000,대체평가,,
149324,수익증권,비시장성,PCCP Credit XI,,11022198960,현지NAV반영,,
149327,주식,비시장성,케이인더스트리피에프브이 3종 종류주,2025-07-01,15000000000,대체평가,,
149328,주식,비시장성,구미드림타운 우선주(SPC자본금),2025-12-18,7800000000,대체평가,,
149333,수익증권,비시장성,"Rockwood LSF II, LP",,56226256396,현지NAV반영,,
149337,수익증권,비시장성,PCCP Equity X,,50261638612,현지NAV반영,,
149339,수익증권,비시장성,PCCP Credit XI,,9469643292,현지NAV반영,,
149341,수익증권,비시장성,"Ares Real Estate Enhanced Income Fund, L",,151853259091,현지NAV반영,,
169287,수익증권,비시장성,Sub-Class B Interests,,23950261066,현지NAV반영,,
169302,수익증권,비시장성,Class CD EUR Shares,,40168700604,현지NAV반영,,
169303,수익증권,비시장성,Class CD USD Shares,,10888492347,현지NAV반영,,
169338,수익증권,비시장성,GoldenTree PCF II,,24477504607,현지NAV반영,,
169340,주식,비시장성,제네시스리워터기업1호사모투자합자회사,2026-02-20,42591877074,대체평가,,
241027,부동산,비시장성,더익스체인지서울&서울몰,2024-10-23,277550000000,대체평가,,
241027,부동산,비시장성,무교다동173번지,2025-01-16,9200000000,대체평가,,
241027,부동산,비시장성,무교다동47번지,2025-01-08,6250000000,대체평가,,
241034,부동산,비시장성,구미호텔개발사업,,7002599550,대체평가,,
242033,부동산,비시장성,상암드림타워,2025-09-02,181886948602,외부평가 대상,,
242042,부동산,비시장성,호텔유파이브,2026-01-29,154160926926,외부평가 대상,,
249045,수익증권,비시장성,코람코밸류애드투자유한1호(모),,53183558393,대체평가,,
341002,부동산,비시장성,천호임대주택,2018-04-25,28850407124,외부평가 대상,,
341008,부동산,비시장성,고덕강일파크,2022-02-15,20705000000,대체평가,,
341011,부동산,비시장성,이천 송온리 물류센터,2022-01-11,133248023634,대체평가,,
341014,부동산,비시장성,진천물류센터,2022-03-14,110100000000,대체평가,,
341015,대여금,비시장성,에이치엔지원_선순위,,54067136987,대체평가,,
341015,대여금,비시장성,에이치엔지원_후순위,,33347308849,대체평가,,
341018,부동산,비시장성,이천 송온리 물류2센터,2023-03-30,114846757349,외부평가 대상,,
341021,부동산,비시장성,용인대상YDC물류센터,,153768991178,대체평가,,
341023,부동산,비시장성,성수동 2가,2024-12-10,134618563916,대체평가,,
342001,부동산,비시장성,인천티제이물류센터,2017-07-20,104644776296,외부평가 대상,,
342028,부동산,비시장성,이천고백리물류센터,2024-11-08,52161206511,외부평가 대상,,
342038,부동산,비시장성,로지스포인트여주물류센터,2025-12-17,205468835390,외부평가 대상,,
342047,부동산,비시장성,로지스포인트호법물류센터,2026-03-05,83540805111,외부평가 대상,,
349026,수익증권,비시장성,코람코SC물류161의2호(모),,78405097219,대체평가,,
349026,수익증권,비시장성,코람코SC물류161의3호(모),,32367926180,대체평가,,
349026,수익증권,비시장성,코람코SC물류161의1호(모),,21795871639,대체평가,,
349041,수익증권,비시장성,코람코SC물류171유한회사(1종),,78347241000,대체평가,,
349046,수익증권,비시장성,코람코어반호텔투자회사(1종),,53183551486,대체평가,,
449001,대여금,비시장성,논현동NPL채권(양수도)_260605,,49046047123,외부평가 대상,,
