no,fund_code,fund_name,team,eval_status,alt_reason,alt_method,prev_dt,apply_end,impair,remark
1,100150,코람코Debt일반사모1호,크레딧본부 크레딧팀,대체평가,"전문투자자 사모 (§8-16조①), 대출채권 (§8-16조④)",직전 장부가액,2025-12-17,2026-09-18,정상,
2,100181,코람코Debt일반사모2호,크레딧본부 크레딧팀,대체평가,"전문투자자 사모 (§8-16조①), 대출채권 (§8-16조④)",직전 장부가액,2025-12-17,2026-09-18,정상,
3,121158,코람코다움기업투자6호,증권부문 멀티에셋본부 멀티에셋,외부평가 대상,-,외부 전문기관,,,정상,
4,121235,코람코멀티블라인드일사28,증권부문 멀티에셋본부 멀티에셋,외부평가 대상,-,외부 전문기관,,,정상,
5,121295,코람코IPO인컴플러스일사41호,증권부문 멀티에셋본부 멀티에셋,시가평가,,,,,정상,
6,121335,코람코코스닥벤처일사46호,증권부문 멀티에셋본부 멀티에셋,시가평가,,,,,정상,
7,121344,코람코코스닥벤처일사47호,증권부문 멀티에셋본부 멀티에셋,시가평가,,,,,정상,
8,134317,코람코하이일드일사45호채혼,증권부문 멀티에셋본부 멀티에셋,시가평가,,,,,정상,
9,141142,코람코일반사모부동산93호,공공사업본부 공공사업팀,대체평가,전문투자자 사모 (§8-16조①),직전 장부가액,2025-12-17,2026-09-18,정상,
10,141198,코람코이천백사물류투자신탁,운용본부 자산운용2팀,대체평가,전문투자자 사모 (§8-16조①),직전 장부가액,2025-12-17,2026-09-18,정상,
11,141199,코람코일반사모부동산120호,운용본부 자산운용2팀,대체평가,전문투자자 사모 (§8-16조①),직전 장부가액,2025-12-17,2026-09-18,정상,
12,141213,코람코일반사모부동126호(운용),운용본부 자산운용2팀,외부평가 대상,-,외부 전문기관,2025-09-02,2026-09-02,정상,
13,141285,코람코국내개발일사모1-2호,개발본부 개발2팀,대체평가,"전문투자자 사모 (§8-16조①), 대출채권 (§8-16조④)",직전 장부가액,2025-12-17,2026-09-18,정상,
14,141319,코람코수서일사부동산166(운용),구조화본부 구조화사업2팀,대체평가,"전문투자자 사모 (§8-16조①), 대출채권 (§8-16조④)",직전 장부가액,2025-12-17,2026-09-18,정상,
15,142008,코람코퍼스텝일반사모부동산8호,운용본부 자산운용1팀,대체평가,전문투자자 사모 (§8-16조①),직전 장부가액,2025-12-17,2026-09-18,정상,
16,142043,코람코유럽코어부동산1호,해외부문 해외사업본부 유럽팀,대체평가,전문투자자 사모 (§8-16조①),직전 장부가액,2025-12-17,2026-09-18,정상,
17,142078,코람코일반사모부동산63호,운용본부 자산운용1팀,외부평가 대상,-,외부 전문기관,2025-03-20,2026-03-20,정상,
18,142116,코람코일반사모부동산85호,운용본부 자산운용1팀,외부평가 대상,-,외부 전문기관,2025-12-31,2026-12-31,정상,
19,142117,코람코일반사모부동산82호(운용),운용본부 자산운용1팀,외부평가 대상,-,외부 전문기관,2025-12-31,2026-12-31,정상,
20,142120,코람코일반사모부동산제84호,운용본부 자산운용1팀,외부평가 대상,-,외부 전문기관,2025-12-31,2026-12-31,정상,
21,142168,코람코일반사모부동산107호,운용본부 자산운용1팀,외부평가 대상,-,외부 전문기관,2025-12-31,2026-12-31,정상,
22,142169,코람코일반사모부동산108호,운용본부 자산운용1팀,외부평가 대상,-,외부 전문기관,2025-12-31,2026-12-31,정상,
23,142182,코람코일반사모114호(운용),운용본부 자산운용2팀,대체평가,부실자산 (§8-16조⑪),직전 장부가액,2025-12-17,2026-09-18,정상,
24,142197,코람코일반사모부동산117호,공공사업본부 공공사업팀,대체평가,매도가격 확정 (§8-16조⑧),직전 장부가액,2025-12-17,2026-09-18,정상,
25,142201,코람코일반사모125호(운용),운용본부 자산운용1팀,대체평가,전문투자자 사모 (§8-16조①),직전 장부가액,2025-12-17,2026-09-18,정상,
26,142208,코람코일반사모부동산127호,IDC1본부 데이터센터1팀,외부평가 대상,-,외부 전문기관,2025-12-17,2026-12-17,정상,
27,142282,코람코일반사모150호(운용),운용본부 자산운용1팀,대체평가,전문투자자 사모 (§8-16조①),직전 장부가액,2025-12-17,2026-09-18,정상,
28,142289,코람코일사부동산155호(운용),운용본부 자산운용2팀,외부평가 대상,-,외부 전문기관,2026-01-07,2027-01-07,정상,
29,142308,코람코일사부동산160호(운용),운용본부 자산운용1팀,대체평가,전문투자자 사모 (§8-16조①),직전 장부가액,2025-12-17,2026-09-18,정상,
30,143005,코람코퍼스텝일반사모부동산5호,공공사업본부 공공사업팀,대체평가,"전문투자자 사모 (§8-16조①), 대출채권 (§8-16조④)",직전 장부가액,2025-12-17,2026-09-18,정상,
31,143121,코람코전문사모부동산86호,운용본부 자산운용1팀,대체평가,"부실자산 (§8-16조⑪), 대출채권 (§8-16조④)",직전 장부가액,2025-12-17,2026-09-18,정상,
32,143127,코람코전문사모부동산88호,운용본부 자산운용1팀,대체평가,"부실자산 (§8-16조⑪), 대출채권 (§8-16조④)",직전 장부가액,2025-12-17,2026-09-18,정상,
33,143316,코람코일사부동산투자신탁164호,크레딧본부 크레딧팀,대체평가,"전문투자자 사모 (§8-16조①), 대출채권 (§8-16조④)",직전 장부가액,2025-12-17,2026-09-18,정상,
34,143342,코람코일반사모부동산174,크레딧본부 크레딧팀,대체평가,"전문투자자 사모 (§8-16조①), 대출채권 (§8-16조④)",직전 장부가액,2025-12-17,2026-09-18,정상,
35,143343,코람코일반사모부동산175,크레딧본부 크레딧팀,대체평가,"전문투자자 사모 (§8-16조①), 대출채권 (§8-16조④)",직전 장부가액,2025-12-17,2026-09-18,정상,
36,144186,코람코공모상장예정리츠13호,증권부문 멀티에셋본부 멀티에셋,시가평가,,,,,정상,
37,144225,코람코공모상장예정리츠19,증권부문 멀티에셋본부 멀티에셋,시가평가,,,,,정상,
38,144228,코람코상장리츠일반사모24,증권부문 멀티에셋본부 멀티에셋,외부평가 대상,-,외부 전문기관,,,정상,
39,144230,코람코일반사모부동산131호,운용본부 자산운용2팀,대체평가,전문투자자 사모 (§8-16조①),직전 장부가액,2025-12-17,2026-09-18,정상,
40,144231,코람코공모상장예정리츠23호,증권부문 멀티에셋본부 멀티에셋,시가평가,,,,,정상,
41,144236,코람코멀티블라인드전사27,증권부문 멀티에셋본부 멀티에셋,외부평가 대상,-,외부 전문기관,,,정상,
42,144336,코람코글로벌리츠SMA일사1호,증권부문 멀티에셋본부 멀티에셋,시가평가,,,,,정상,
43,149048,코람코NPL일반사모부동산1호(재,해외부문 해외사업본부 유럽팀,현지NAV반영,,,,,정상,
44,149066,코람코글로벌일반사모부동산7호,해외부문 해외사업본부 미주/아,현지NAV반영,,,,,정상,
45,149081,코람코글로벌일반사모부동산9-2,해외부문 해외사업본부 미주/아,현지NAV반영,,,,,정상,
46,149082,코람코글로벌일반사모부동산9-1,해외부문 해외사업본부 미주/아,현지NAV반영,,,,,정상,
47,149083,코람코유럽코어부동산2-1호,해외부문 해외사업본부 유럽팀,대체평가,전문투자자 사모 (§8-16조①),직전 장부가액,2025-12-17,2026-09-18,정상,
48,149084,코람코유럽코어부동산2-2호,해외부문 해외사업본부 유럽팀,대체평가,전문투자자 사모 (§8-16조①),직전 장부가액,2025-12-17,2026-09-18,정상,
49,149085,코람코유럽코어부동산2-3호,해외부문 해외사업본부 유럽팀,대체평가,전문투자자 사모 (§8-16조①),직전 장부가액,2025-12-17,2026-09-18,정상,
50,149086,코람코USDebtStrategy4-1호(재간,해외부문 해외사업본부 미주/아,현지NAV반영,,,,,정상,
51,149087,코람코USDebtStrategy4-2호(재간,해외부문 해외사업본부 미주/아,현지NAV반영,,,,,정상,
52,149094,코람코USDebtStrategy4-3호(재간,해외부문 해외사업본부 미주/아,현지NAV반영,,,,,정상,
53,149097,코람코전문투자형73호(운용),운용본부 자산운용2팀,대체평가,재간접 집합투자증권 (§8-16조⑤),직전 장부가액,2025-12-17,2026-09-18,정상,
54,149099,코람코USDebtJV1호,해외부문 해외사업본부 미주/아,현지NAV반영,,,,,정상,
55,149110,코람코유럽코어부동산(파생)3-1,해외부문 해외사업본부 유럽팀,대체평가,전문투자자 사모 (§8-16조①),직전 장부가액,2025-12-17,2026-09-18,정상,
56,149111,코람코유럽코어부동산(파생)3-2,해외부문 해외사업본부 유럽팀,대체평가,전문투자자 사모 (§8-16조①),직전 장부가액,2025-12-17,2026-09-18,정상,
57,149126,코람코USDebtStrategy7호,해외부문 해외사업본부 미주/아,대체평가,"전문투자자 사모 (§8-16조①), 대출채권 (§8-16조④)",직전 장부가액,2025-12-17,2026-09-18,정상,
58,149138,코람코유럽코어부동산4호,해외부문 해외사업본부 유럽팀,대체평가,전문투자자 사모 (§8-16조①),직전 장부가액,2025-12-17,2026-09-18,정상,
59,149155,코람코USEquityStrategy3호(재간,해외부문 해외사업본부 미주/아,현지NAV반영,,,,,정상,
60,149163,코람코USDebtStrategy9호(재간접,해외부문 해외사업본부 미주/아,현지NAV반영,,,,,정상,
61,149165,코람코USDebtJV2호,해외부문 해외사업본부 미주/아,현지NAV반영,,,,,정상,
62,149171,코람코일반사모112호(운용),운용본부 자산운용1팀,대체평가,재간접 집합투자증권 (§8-16조⑤),직전 장부가액,2025-12-17,2026-09-18,정상,
63,149188,코람코USDebtStrategy12호(재간,해외부문 해외사업본부 미주/아,현지NAV반영,,,,,정상,
64,149190,코람코일반사모부동산115호,공공사업본부 공공사업팀,시가평가,,,,,정상,
65,149205,코람코USSpecialSituation,해외부문 해외사업본부 미주/아,현지NAV반영,,,,,정상,
66,149206,코람코USDebtStrategy13호(재간,해외부문 해외사업본부 미주/아,현지NAV반영,,,,,정상,
67,149207,코람코USDebtStrategy14호(재간,해외부문 해외사업본부 미주/아,현지NAV반영,,,,,정상,
68,149209,코람코USDebtStrategy15호,해외부문 해외사업본부 미주/아,대체평가,"전문투자자 사모 (§8-16조①), 대출채권 (§8-16조④)",직전 장부가액,2025-12-17,2026-09-18,정상,
69,149212,코람코USDebtStrategy17호(재간,해외부문 해외사업본부 미주/아,현지NAV반영,,,,,정상,
70,149218,코람코일반사모부동산129호,운용본부 자산운용2팀,대체평가,부실자산 (§8-16조⑪),직전 장부가액,2025-12-17,2026-09-18,정상,
71,149221,코람코USDebtJV3호,해외부문 해외사업본부 미주/아,현지NAV반영,,,,,정상,
72,149223,코람코USDebtStrategy18-1호(재,해외부문 해외사업본부 미주/아,현지NAV반영,,,,,정상,
73,149224,코람코USDebtStrategy18-2호(재,해외부문 해외사업본부 미주/아,현지NAV반영,,,,,정상,
74,149226,코람코Debt일반사모3호,크레딧본부 크레딧팀,대체평가,"전문투자자 사모 (§8-16조①), 대출채권 (§8-16조④)",직전 장부가액,2025-12-17,2026-09-18,정상,
75,149229,코람코일반사모130호,공공사업본부 공공사업팀,대체평가,전문투자자 사모 (§8-16조①),직전 장부가액,2025-12-17,2026-09-18,정상,
76,149232,코람코USValue-Add2호(재간접),해외부문 해외사업본부 미주/아,현지NAV반영,,,,,정상,
77,149237,코람코USCoreStrategy부동산1-1,해외부문 해외사업본부 미주/아,대체평가,전문투자자 사모 (§8-16조①),직전 장부가액,2025-12-17,2026-09-18,정상,
78,149238,코람코USCoreStrategy부동산1-2,해외부문 해외사업본부 미주/아,대체평가,전문투자자 사모 (§8-16조①),직전 장부가액,2025-12-17,2026-09-18,정상,
79,149241,코람코GlobalMulti-Strategy제1,해외부문 해외사업본부 미주/아,현지NAV반영,,,,,정상,
80,149242,코람코US Debt strategy 20호,해외부문 해외사업본부 미주/아,현지NAV반영,,,,,정상,
81,149243,코람코USEquityStrategy4호(재간,해외부문 해외사업본부 미주/아,현지NAV반영,,,,,정상,
82,149245,코람코Europe EquityStrategy1호,해외부문 해외사업본부 유럽팀,대체평가,"전문투자자 사모 (§8-16조①), 재간접 집합투자증권 (§8-16조⑤)",직전 장부가액,2025-12-17,2026-09-18,정상,
83,149246,코람코밸류그로스일사1호,운용본부 자산운용2팀,대체평가,"전문투자자 사모 (§8-16조①), 재간접 집합투자증권 (§8-16조⑤)",직전 장부가액,2025-12-17,2026-09-18,정상,
84,149247,코람코공모상장예정리츠전사30,증권부문 멀티에셋본부 멀티에셋,시가평가,,,,,정상,
85,149249,코람코일반사모부동산142호,개발본부 개발1팀,대체평가,전문투자자 사모 (§8-16조①),직전 장부가액,2025-12-17,2026-09-18,정상,
86,149251,코람코USEquityStrategy5호(재간,해외부문 해외사업본부 미주/아,현지NAV반영,,,,,정상,
87,149253,코람코USEquityStrategy7호(재간,해외부문 해외사업본부 미주/아,현지NAV반영,,,,,정상,
88,149254,코람코일사부동산투신143(운용),공공사업본부 공공사업팀,대체평가,전문투자자 사모 (§8-16조①),직전 장부가액,2025-12-17,2026-09-18,정상,
89,149257,코람코USDebtstrategy부동산21,해외부문 해외사업본부 미주/아,현지NAV반영,,,,,정상,
90,149259,코람코일반사모147호,공공사업본부 공공사업팀,대체평가,전문투자자 사모 (§8-16조①),직전 장부가액,2025-12-17,2026-09-18,정상,
91,149260,코람코다움일반사모36호,증권부문 멀티에셋본부 멀티에셋,대체평가,대출채권 (§8-16조④),직전 장부가액,2025-12-17,2026-09-18,정상,
92,149266,코람코국내개발일반사모1호(자),개발본부 개발1팀,대체평가,"전문투자자 사모 (§8-16조①), 재간접 집합투자증권 (§8-16조⑤)",직전 장부가액,2025-12-17,2026-09-18,정상,
93,149270,코람코유럽인프라특별자산1호,해외부문 해외사업본부 미주/아,현지NAV반영,,,,,정상,
94,149271,코람코US Debt strategy 22호,해외부문 해외사업본부 미주/아,현지NAV반영,,,,,정상,
95,149272,코람코DebtCore일반사모제1호,크레딧본부 크레딧팀,대체평가,"전문투자자 사모 (§8-16조①), 대출채권 (§8-16조④)",직전 장부가액,2025-12-17,2026-09-18,정상,
96,149274,K-MSF일반사모부동산(자)1호,구조화본부 구조화사업1팀,대체평가,"전문투자자 사모 (§8-16조①), 재간접 집합투자증권 (§8-16조⑤)",직전 장부가액,2025-12-17,2026-09-18,정상,
97,149279,코람코 Asia EquityStrategy 1호,해외부문 해외사업본부 미주/아,현지NAV반영,,,,,정상,
98,149294,코람코일사부동산투자신탁157,개발본부 개발1팀,대체평가,전문투자자 사모 (§8-16조①),직전 장부가액,2025-12-17,2026-09-18,정상,
99,149296,코람코일반사모153호,공공사업본부 공공사업팀,대체평가,전문투자자 사모 (§8-16조①),직전 장부가액,2025-12-17,2026-09-18,정상,
100,149298,K-MSF일반사모부동산(모)1-2호,구조화본부 구조화사업1팀,대체평가,"전문투자자 사모 (§8-16조①), 재간접 집합투자증권 (§8-16조⑤)",직전 장부가액,2025-12-17,2026-09-18,정상,
101,149301,코람코DebtMultiStrategy1호,크레딧본부 크레딧팀,대체평가,"전문투자자 사모 (§8-16조①), 대출채권 (§8-16조④)",직전 장부가액,2025-12-17,2026-09-18,정상,
102,149304,코람코유럽코어부동산2-4(운용),해외부문 해외사업본부 유럽팀,대체평가,전문투자자 사모 (§8-16조①),직전 장부가액,2025-12-17,2026-09-18,정상,
103,149305,K-MSF일반사모부동산(모)1-3호,구조화본부 구조화사업2팀,대체평가,"전문투자자 사모 (§8-16조①), 대출채권 (§8-16조④)",직전 장부가액,2025-12-17,2026-09-18,정상,
104,149311,코람코USDebtstrategy부동산25,해외부문 해외사업본부 미주/아,현지NAV반영,,,,,정상,
105,149312,코람코US Debt strategy 23호,해외부문 해외사업본부 미주/아,현지NAV반영,,,,,정상,
106,149313,코람코USEquityStrategy8호(재간,해외부문 해외사업본부 미주/아,현지NAV반영,,,,,정상,
107,149314,코람코국내개발일사모1-3호,개발본부 개발1팀,대체평가,"전문투자자 사모 (§8-16조①), 재간접 집합투자증권 (§8-16조⑤)",직전 장부가액,2025-12-17,2026-09-18,정상,
108,149315,코람코US Debt strategy 24호,해외부문 해외사업본부 미주/아,현지NAV반영,,,,,정상,
109,149318,코람코PRISM부동산대출일사,해외부문 해외사업본부 유럽팀,현지NAV반영,,,,,정상,
110,149320,K-MSF일반사모부동산(모)1-4호,구조화본부 구조화사업2팀,대체평가,"전문투자자 사모 (§8-16조①), 재간접 집합투자증권 (§8-16조⑤)",직전 장부가액,2025-12-17,2026-09-18,정상,
111,149323,코람코전략추구일반사모1호,크레딧본부 크레딧팀,대체평가,"전문투자자 사모 (§8-16조①), 대출채권 (§8-16조④)",직전 장부가액,2025-12-17,2026-09-18,정상,
112,149324,코람코US Debt strategy 27호,해외부문 해외사업본부 미주/아,현지NAV반영,,,,,정상,
113,149327,코람코산업혁신일반사모1호,공공사업본부 공공사업팀,대체평가,전문투자자 사모 (§8-16조①),직전 장부가액,2025-12-17,2026-09-18,정상,
114,149328,코람코일반사모부동산163,공공사업본부 공공사업팀,대체평가,전문투자자 사모 (§8-16조①),직전 장부가액,2025-12-17,2026-09-18,정상,
115,149333,코람코US Debt strategy 29호,해외부문 해외사업본부 미주/아,현지NAV반영,,,,,정상,
116,149337,코람코USEquityStrategy6호(재간,해외부문 해외사업본부 미주/아,현지NAV반영,,,,,정상,
117,149339,코람코US Debt strategy 28호,해외부문 해외사업본부 미주/아,현지NAV반영,,,,,정상,
118,149341,코람코US Debt strategy 30호,해외부문 해외사업본부 미주/아,현지NAV반영,,,,,정상,
119,169287,코람코글로벌인프라특별자산1호,해외부문 해외사업본부 미주/아,현지NAV반영,,,,,정상,
120,169302,코람코글로벌기업대출1-1호,해외부문 해외사업본부 미주/아,현지NAV반영,,,,,정상,
121,169303,코람코글로벌기업대출1-2호,해외부문 해외사업본부 미주/아,현지NAV반영,,,,,정상,
122,169338,코람코글로벌크레딧일사1호,해외부문 해외사업본부 미주/아,현지NAV반영,,,,,정상,
123,169340,코람코북미인프라특별자산1호,해외부문 해외사업본부 미주/아,대체평가,전문투자자 사모 (§8-16조①),직전 장부가액,2025-12-17,2026-09-18,정상,
124,241027,코람코159호일사부동산투자회사,개발본부 개발1팀,대체평가,전문투자자 사모 (§8-16조①),직전 장부가액,2025-12-17,2026-09-18,정상,
125,241030,코람코165호부동산투자회사,공공사업본부 공공사업팀,대체평가,"전문투자자 사모 (§8-16조①), 개발중 자산 (§8-16조⑦)",직전 장부가액,2025-12-17,2026-09-18,정상,
126,241034,코람코162호부동산투자회사(운),공공사업본부 공공사업팀,대체평가,개발중 자산 (§8-16조⑦),직전 장부가액,2025-12-17,2026-09-18,정상,
127,242033,코람코170호일사부동산투자회사,운용본부 자산운용1팀,외부평가 대상,-,외부 전문기관,,,정상,
128,242042,코람코어반호텔투자회사(운),레지덴셜본부 호텔팀,외부평가 대상,-,외부 전문기관,,,정상,
129,249045,코람코밸류애드투자회사1호(자),레지덴셜본부 호텔팀,대체평가,재간접 집합투자증권 (§8-16조⑤),직전 장부가액,2025-12-17,2026-09-18,정상,
130,341002,코람코72호부동산투자유한회사,운용본부 자산운용2팀,외부평가 대상,-,외부 전문기관,2025-12-31,2026-12-31,정상,
131,341008,코람코고덕강일유한회사(운용),운용본부 자산운용1팀,대체평가,부실자산 (§8-16조⑪),직전 장부가액,2025-12-17,2026-09-18,정상,
132,341011,코람코135호유한회사(운용),운용본부 자산운용2팀,대체평가,전문투자자 사모 (§8-16조①),직전 장부가액,2025-12-17,2026-09-18,정상,
133,341014,코람코제139호일반사모부동산,운용본부 자산운용2팀,대체평가,전문투자자 사모 (§8-16조①),직전 장부가액,2025-12-17,2026-09-18,정상,
134,341015,코람코141호부산신항부동산(운),공공사업본부 공공사업팀,대체평가,"전문투자자 사모 (§8-16조①), 대출채권 (§8-16조④)",직전 장부가액,2025-12-17,2026-09-18,정상,
135,341018,코람코145호유한회사(운용),운용본부 자산운용2팀,외부평가 대상,-,외부 전문기관,2026-01-01,2027-01-01,정상,
136,341021,코람코146호일반사모유한회사,운용본부 자산운용2팀,대체평가,전문투자자 사모 (§8-16조①),직전 장부가액,2025-12-17,2026-09-18,정상,
137,341023,코람코158호유한회사(운용),구조화본부 구조화사업1팀,대체평가,"전문투자자 사모 (§8-16조①), 개발중 자산 (§8-16조⑦)",직전 장부가액,2025-12-17,2026-09-18,정상,
138,342001,코람코PPFA사모부동산유한회사,운용본부 자산운용2팀,외부평가 대상,-,외부 전문기관,2025-12-31,2026-12-31,정상,
139,342028,코람코SC물류161의1호(모),운용본부 자산운용2팀,외부평가 대상,-,외부 전문기관,2025-09-16,2026-09-16,정상,
140,342038,코람코SC물류171유한회사(운용),운용본부 자산운용2팀,외부평가 대상,-,외부 전문기관,,,정상,
141,342047,코람코SC물류161의3호(모),운용본부 자산운용2팀,외부평가 대상,-,외부 전문기관,,,정상,
142,349026,코람코SC물류161호(자),CS본부 CS1실,대체평가,재간접 집합투자증권 (§8-16조⑤),직전 장부가액,2025-12-17,2026-09-18,정상,
143,349041,코람코SC물류161의2호(모),CS본부 CS1실,대체평가,재간접 집합투자증권 (§8-16조⑤),직전 장부가액,2025-12-17,2026-09-18,정상,
144,349046,코람코밸류애드투자유한1호(모),레지덴셜본부 호텔팀,대체평가,재간접 집합투자증권 (§8-16조⑤),직전 장부가액,2025-12-17,2026-09-18,정상,
145,449001,케이브이리커버리사모합자회사,,외부평가 대상,-,외부 전문기관,,,정상,대체평가 의결 필요
